Date,Price,Open,High,Low,Vol,Change
"Dec 29, 2019","7,376.8","7,321.6","7,518.9","6,884.1","4.70M","0.75%"
"Dec 22, 2019","7,321.5","7,156.3","7,684.0","7,128.5","5.29M","2.31%"
"Dec 15, 2019","7,156.2","7,080.8","7,387.7","6,462.2","5.22M","1.07%"
"Dec 08, 2019","7,080.8","7,510.8","7,626.0","7,043.3","3.88M","-5.73%"
"Dec 01, 2019","7,510.9","7,546.5","7,702.2","7,113.6","5.17M","-0.47%"
"Nov 24, 2019","7,546.6","7,325.0","7,825.3","6,534.8","6.29M","3.04%"
"Nov 17, 2019","7,324.1","8,497.4","8,631.7","6,818.5","6.19M","-13.81%"
"Nov 10, 2019","8,497.3","8,804.7","9,092.9","8,437.1","4.02M","-3.49%"
"Nov 03, 2019","8,804.5","9,300.5","9,500.4","8,722.4","4.63M","-5.33%"
"Oct 27, 2019","9,300.6","9,230.6","9,866.9","8,959.6","6.08M","0.76%"
"Oct 20, 2019","9,230.6","7,957.4","10,540.0","7,329.2","4.23M","16.00%"
"Oct 13, 2019","7,957.3","8,304.3","8,450.2","7,842.0","3.38M","-4.18%"
"Oct 06, 2019","8,304.4","8,127.3","8,751.1","7,797.0","4.00M","2.18%"
"Sep 29, 2019","8,127.3","8,208.0","8,486.2","7,749.0","3.23M","-0.99%"
"Sep 22, 2019","8,208.5","9,993.0","10,075.0","7,773.6","4.23M","-17.86%"
"Sep 15, 2019","9,993.0","10,337.3","10,360.5","9,707.6","2.51M","-3.33%"
"Sep 08, 2019","10,337.3","10,461.6","10,578.0","9,908.9","2.74M","-1.18%"
"Sep 01, 2019","10,461.1","9,594.7","10,896.2","9,533.6","3.62M","9.03%"
"Aug 25, 2019","9,594.4","10,132.1","10,568.2","9,343.0","3.29M","-5.30%"
"Aug 18, 2019","10,131.0","10,219.3","10,941.6","9,777.0","3.57M","-0.85%"
"Aug 11, 2019","10,218.1","11,314.6","11,728.4","9,580.1","4.62M","-9.69%"
"Aug 04, 2019","11,314.5","10,816.1","12,291.9","10,568.8","4.55M","4.61%"
"Jul 28, 2019","10,815.7","9,491.1","10,893.6","9,401.1","3.89M","13.94%"
"Jul 21, 2019","9,492.1","10,827.0","10,883.8","9,389.1","4.02M","-12.33%"
"Jul 14, 2019","10,826.7","11,364.3","11,448.7","9,082.6","6.29M","-4.74%"
"Jul 07, 2019","11,364.9","11,267.9","13,134.4","10,839.4","5.64M","0.86%"
"Jun 30, 2019","11,268.0","11,906.0","12,179.3","9,728.5","6.41M","-5.36%"
"Jun 23, 2019","11,906.5","10,721.5","13,929.8","10,493.5","7.21M","11.05%"
"Jun 16, 2019","10,721.7","8,812.2","11,160.5","8,771.1","5.15M","21.66%"
"Jun 09, 2019","8,812.5","7,901.6","8,856.7","7,516.9","4.24M","11.53%"
"Jun 02, 2019","7,901.4","8,545.8","8,807.7","7,480.4","4.88M","-7.54%"
"May 26, 2019","8,545.7","8,029.6","9,045.9","7,866.5","20.69M","6.46%"
"May 19, 2019","8,027.4","7,261.9","8,253.4","7,252.3","6.20M","10.53%"
"May 12, 2019","7,262.6","7,190.0","8,323.9","6,802.6","9.03M","1.01%"
"May 05, 2019","7,190.3","5,830.8","7,373.8","5,630.5","5.78M","23.31%"
"Apr 28, 2019","5,830.9","5,265.7","5,899.2","5,188.9","5.56M","10.73%"
"Apr 21, 2019","5,265.9","5,290.2","5,594.4","5,137.4","6.56M","-0.46%"
"Apr 14, 2019","5,290.2","5,052.0","5,327.0","4,964.2","4.90M","4.72%"
"Apr 07, 2019","5,051.8","5,046.1","5,404.1","4,889.2","5.83M","0.11%"
"Mar 31, 2019","5,046.2","4,111.8","5,278.4","4,076.8","36.99M","22.73%"
"Mar 24, 2019","4,111.8","4,002.6","4,138.1","3,897.9","19.14M","2.73%"
"Mar 17, 2019","4,002.5","4,006.4","4,064.0","3,923.8","20.06M","-0.10%"
"Mar 10, 2019","4,006.4","3,944.4","4,050.6","3,817.1","19.44M","1.57%"
"Mar 03, 2019","3,944.3","3,823.2","3,964.0","3,681.8","19.19M","3.17%"
"Feb 24, 2019","3,823.1","4,120.5","4,194.2","3,701.9","12.42M","-7.21%"
"Feb 17, 2019","4,120.4","3,616.8","4,152.6","3,607.9","5.61M","13.92%"
"Feb 10, 2019","3,616.8","3,661.0","3,681.1","3,580.2","3.65M","-1.22%"
"Feb 03, 2019","3,661.4","3,502.3","3,721.1","3,382.5","3.78M","4.54%"
"Jan 27, 2019","3,502.5","3,570.9","3,583.2","3,368.2","3.68M","-1.92%"
"Jan 20, 2019","3,570.9","3,676.2","3,699.1","3,465.2","3.16M","-2.91%"
"Jan 13, 2019","3,677.8","3,597.3","3,715.2","3,473.2","3.50M","2.24%"
"Jan 06, 2019","3,597.2","3,785.7","4,070.5","3,561.3","3.80M","-4.97%"
"Dec 30, 2018","3,785.4","3,708.2","3,894.8","3,658.8","3.52M","2.12%"
"Dec 23, 2018","3,706.8","3,964.3","4,208.2","3,560.8","4.18M","-6.50%"
"Dec 16, 2018","3,964.4","3,228.6","4,153.1","3,225.9","4.77M","22.79%"
"Dec 09, 2018","3,228.7","3,430.3","3,677.6","3,177.0","2.82M","-5.88%"
"Dec 02, 2018","3,430.4","4,196.2","4,316.1","3,251.8","2.98M","-18.25%"
"Nov 25, 2018","4,196.2","3,920.3","4,440.1","3,634.2","3.46M","7.03%"
"Nov 18, 2018","3,920.4","5,621.0","5,727.9","3,821.5","2.69M","-30.26%"
"Nov 11, 2018","5,621.8","6,427.1","6,475.9","5,384.1","1.64M","-12.53%"
"Nov 04, 2018","6,427.1","6,386.2","6,594.3","6,359.7","1.04M","0.64%"
"Oct 28, 2018","6,386.2","6,494.6","6,502.2","6,257.8","897.36K","-1.66%"
"Oct 21, 2018","6,494.2","6,575.9","6,643.1","6,473.7","685.44K","-1.19%"
"Oct 14, 2018","6,572.2","6,321.6","7,358.4","6,300.0","1.21M","3.96%"
"Oct 07, 2018","6,321.7","6,596.3","6,699.5","6,206.2","907.69K","-4.16%"
"Sep 30, 2018","6,596.3","6,603.9","6,682.3","6,034.9","64.74M","-0.12%"
"Sep 23, 2018","6,603.9","6,729.6","6,809.2","5,977.0","59.02M","-1.87%"
"Sep 16, 2018","6,729.6","6,519.0","6,833.3","6,144.5","33.27M","3.23%"
"Sep 09, 2018","6,519.0","6,184.3","6,867.3","6,148.8","22.18M","5.41%"
"Sep 02, 2018","6,184.3","7,189.6","7,409.9","6,132.3","26.79M","-13.98%"
"Aug 26, 2018","7,189.6","6,734.9","7,264.3","6,573.1","26.36M","6.75%"
"Aug 19, 2018","6,734.8","6,379.1","6,840.8","6,255.9","20.84M","5.58%"
"Aug 12, 2018","6,379.1","6,232.1","6,626.4","5,898.3","17.63M","2.37%"
"Aug 05, 2018","6,231.6","7,014.0","7,149.7","6,009.8","1.71M","-11.16%"
"Jul 29, 2018","7,014.3","8,231.5","8,275.4","6,949.7","1.55M","-14.81%"
"Jul 22, 2018","8,234.1","7,409.0","8,484.6","7,343.7","1.80M","11.14%"
"Jul 15, 2018","7,408.7","6,254.8","7,683.6","6,238.5","1.92M","18.45%"
"Jul 08, 2018","6,254.8","6,765.4","6,793.8","6,088.8","1.88M","-7.55%"
"Jul 01, 2018","6,765.5","6,398.5","6,805.9","6,398.5","1.03M","5.73%"
"Jun 24, 2018","6,398.9","6,167.9","6,498.5","5,785.3","1.34M","3.76%"
"Jun 17, 2018","6,167.3","6,505.8","6,839.5","5,955.0","988.81K","-5.20%"
"Jun 10, 2018","6,505.8","7,515.8","7,516.3","6,129.1","1.32M","-13.44%"
"Jun 03, 2018","7,515.8","7,646.6","7,775.0","7,391.0","868.03K","-1.71%"
"May 27, 2018","7,646.6","7,361.9","7,694.5","7,069.8","984.53K","3.88%"
"May 20, 2018","7,361.3","8,243.9","8,597.4","7,293.4","1.08M","-10.72%"
"May 13, 2018","8,245.1","8,483.6","8,758.4","8,055.5","1.14M","-2.53%"
"May 06, 2018","8,459.5","9,859.4","9,957.7","8,184.1","1.26M","-14.15%"
"Apr 29, 2018","9,853.5","9,352.2","9,992.8","8,851.0","1.17M","5.36%"
"Apr 22, 2018","9,352.4","8,923.6","9,753.1","8,669.8","1.60M","4.81%"
"Apr 15, 2018","8,923.1","8,004.6","9,027.7","7,852.8","1.27M","11.48%"
"Apr 08, 2018","8,004.4","6,905.9","8,228.0","6,633.2","1.51M","15.91%"
"Apr 01, 2018","6,905.7","6,939.1","7,519.3","6,460.1","1.50M","-0.47%"
"Mar 25, 2018","6,938.2","8,549.1","8,679.0","6,603.8","1.80M","-18.83%"
"Mar 18, 2018","8,547.4","7,873.2","9,173.4","7,323.3","1.75M","8.54%"
"Mar 11, 2018","7,874.9","8,732.2","9,892.2","7,691.7","1.84M","-10.12%"
"Mar 04, 2018","8,762.0","11,402.8","11,506.9","8,351.0","1.66M","-23.16%"
"Feb 25, 2018","11,402.3","9,703.1","11,420.7","9,330.1","1.41M","17.50%"
"Feb 18, 2018","9,704.3","11,073.7","11,791.5","9,394.5","1.93M","-12.36%"
"Feb 11, 2018","11,073.5","8,559.7","11,095.9","7,843.7","1.64M","29.37%"
"Feb 04, 2018","8,559.6","9,241.5","9,382.1","8,559.6","3.00M","-7.37%"
"Jan 28, 2018","9,241.1","11,471.2","12,112.7","7,915.8","1.89M","-19.41%"
"Jan 21, 2018","11,467.5","12,857.1","12,860.2","10,056.6","1.33M","-10.82%"
"Jan 14, 2018","12,858.9","14,291.9","14,446.1","12,858.9","1.39M","-10.03%"
"Jan 07, 2018","14,292.2","17,174.5","17,184.8","13,048.3","691.25K","-16.77%"
"Dec 31, 2017","17,172.3","12,532.4","17,252.8","12,359.4","770.83K","37.03%"
"Dec 24, 2017","12,531.5","14,396.6","16,514.6","11,962.1","1.04M","-12.95%"
"Dec 17, 2017","14,396.5","19,346.6","19,870.6","10,875.7","1.46M","-25.58%"
"Dec 10, 2017","19,345.5","14,840.0","19,587.7","13,031.0","1.02M","30.33%"
"Dec 03, 2017","14,843.4","10,912.7","17,294.8","10,578.4","1.26M","36.02%"
"Nov 26, 2017","10,912.7","8,754.6","11,417.8","8,746.6","919.63K","24.65%"
"Nov 19, 2017","8,754.7","7,781.0","8,762.0","7,675.4","551.27K","12.51%"
"Nov 12, 2017","7,780.9","6,339.9","8,000.2","5,493.6","1.00M","22.73%"
"Nov 05, 2017","6,339.9","7,363.8","7,869.1","6,197.9","1.07M","-13.91%"
"Oct 29, 2017","7,363.8","5,726.6","7,492.2","5,679.4","976.41K","28.59%"
"Oct 22, 2017","5,726.6","6,006.6","6,070.6","5,375.6","722.59K","-4.66%"
"Oct 15, 2017","6,006.6","5,824.7","6,187.2","5,114.9","670.51K","3.12%"
"Oct 08, 2017","5,824.7","4,435.8","5,852.8","4,419.4","805.69K","31.31%"
"Oct 01, 2017","4,435.8","4,360.6","4,477.4","4,143.4","443.24K","1.72%"
"Sep 24, 2017","4,360.6","3,788.0","4,383.3","3,633.9","588.23K","15.12%"
"Sep 17, 2017","3,788.0","3,698.9","4,122.8","3,485.8","781.52K","2.41%"
"Sep 10, 2017","3,698.9","4,335.1","4,387.8","2,979.9","1.43M","-14.68%"
"Sep 03, 2017","4,335.1","4,573.8","4,719.8","4,004.6","870.55K","-5.22%"
"Aug 27, 2017","4,573.8","4,352.3","4,976.5","4,195.2","622.35K","5.09%"
"Aug 20, 2017","4,352.3","4,150.5","4,461.7","3,612.2","628.02K","4.86%"
"Aug 13, 2017","4,150.5","3,871.6","4,487.5","3,837.1","997.13K","7.20%"
"Aug 06, 2017","3,871.6","3,262.8","3,967.3","3,166.5","644.93K","18.66%"
"Jul 30, 2017","3,262.8","2,733.5","3,344.0","2,621.7","675.09K","19.36%"
"Jul 23, 2017","2,733.5","2,836.5","2,856.7","2,441.5","859.86K","-3.63%"
"Jul 16, 2017","2,836.5","1,975.1","2,932.8","1,809.0","1.35M","43.62%"
"Jul 09, 2017","1,975.1","2,564.9","2,576.7","1,974.0","777.01K","-22.99%"
"Jul 02, 2017","2,564.9","2,424.6","2,658.7","2,375.9","526.68K","5.78%"
"Jun 25, 2017","2,424.6","2,590.1","2,660.7","2,309.6","737.13K","-6.39%"
"Jun 18, 2017","2,590.1","2,655.1","2,804.4","2,488.6","623.37K","-2.45%"
"Jun 11, 2017","2,655.1","2,900.3","2,985.1","2,125.6","1.07M","-8.45%"
"Jun 04, 2017","2,900.3","2,545.4","2,931.2","2,478.2","710.05K","13.94%"
"May 28, 2017","2,545.4","2,052.4","2,582.8","2,051.1","732.63K","24.02%"
"May 21, 2017","2,052.4","2,040.2","2,781.8","1,868.6","1.18M","0.60%"
"May 14, 2017","2,040.2","1,763.7","2,048.4","1,653.7","552.75K","15.67%"
"May 07, 2017","1,763.7","1,545.3","1,864.8","1,495.2","689.31K","14.14%"
"Apr 30, 2017","1,545.3","1,336.3","1,609.8","1,309.7","609.50K","15.64%"
"Apr 23, 2017","1,336.3","1,240.9","1,356.2","1,223.1","364.25K","7.69%"
"Apr 16, 2017","1,240.9","1,177.0","1,257.0","1,166.7","301.86K","5.43%"
"Apr 09, 2017","1,177.0","1,180.8","1,229.6","841.5","309.20K","-0.32%"
"Apr 02, 2017","1,180.8","1,086.1","1,201.6","1,074.2","495.23K","8.72%"
"Mar 26, 2017","1,086.1","966.3","1,103.7","946.7","542.07K","12.40%"
"Mar 19, 2017","966.3","971.4","1,125.5","890.4","691.92K","-0.52%"
"Mar 12, 2017","971.4","1,179.2","1,260.2","940.2","700.54K","-17.63%"
"Mar 05, 2017","1,179.2","1,264.3","1,330.4","988.7","563.14K","-6.73%"
"Feb 26, 2017","1,264.3","1,149.1","1,291.3","1,130.6","352.15K","10.03%"
"Feb 19, 2017","1,149.1","1,052.3","1,211.7","1,037.7","373.70K","9.20%"
"Feb 12, 2017","1,052.3","1,008.3","1,063.2","975.1","219.71K","4.36%"
"Feb 05, 2017","1,008.3","1,031.8","1,073.0","924.7","404.97K","-2.28%"
"Jan 29, 2017","1,031.8","918.5","1,041.0","911.5","282.01K","12.34%"
"Jan 22, 2017","918.5","919.8","938.4","883.6","256.52K","-0.14%"
"Jan 15, 2017","919.8","819.6","928.9","808.6","346.77K","12.23%"
"Jan 08, 2017","819.6","888.9","936.1","739.5","641.94K","-7.79%"
"Jan 01, 2017","888.9","963.4","1,150.6","806.7","1.65M","-7.73%"
"Dec 25, 2016","963.4","891.1","982.6","851.4","367.77K","8.11%"
"Dec 18, 2016","891.1","787.2","920.5","783.8","358.58K","13.20%"
"Dec 11, 2016","787.2","774.0","791.6","763.0","181.20K","1.70%"
"Dec 04, 2016","774.0","764.2","777.0","746.0","209.60K","1.28%"
"Nov 27, 2016","764.2","734.1","779.0","727.1","283.01K","4.10%"
"Nov 20, 2016","734.1","747.9","754.0","712.8","250.91K","-1.84%"
"Nov 13, 2016","747.9","704.3","755.3","685.0","322.97K","6.19%"
"Nov 06, 2016","704.3","702.1","741.2","697.6","253.50K","0.31%"
"Oct 30, 2016","702.1","715.0","744.4","670.4","351.15K","-1.80%"
"Oct 23, 2016","715.0","655.5","720.2","645.7","279.12K","9.07%"
"Oct 16, 2016","655.5","637.0","659.9","624.1","186.59K","2.90%"
"Oct 09, 2016","637.0","617.7","642.5","612.8","190.80K","3.14%"
"Oct 02, 2016","617.7","613.4","619.6","606.5","154.85K","0.69%"
"Sep 25, 2016","613.4","602.6","615.0","598.2","151.47K","1.80%"
"Sep 18, 2016","602.6","607.1","612.4","591.7","158.87K","-0.74%"
"Sep 11, 2016","607.1","624.5","630.8","592.8","176.68K","-2.79%"
"Sep 04, 2016","624.5","598.8","629.3","590.8","190.28K","4.29%"
"Aug 28, 2016","598.8","570.3","705.0","569.2","177.29K","5.00%"
"Aug 21, 2016","570.3","582.6","591.9","567.3","180.45K","-2.10%"
"Aug 14, 2016","582.6","584.6","585.8","559.3","216.33K","-0.34%"
"Aug 07, 2016","584.6","586.5","600.5","580.9","211.25K","-0.32%"
"Jul 31, 2016","586.5","654.7","654.9","471.4","444.48K","-10.43%"
"Jul 24, 2016","654.7","655.2","664.2","643.5","217.98K","-0.06%"
"Jul 17, 2016","655.2","660.7","680.9","645.7","285.32K","-0.84%"
"Jul 10, 2016","660.7","651.8","673.2","636.8","309.16K","1.36%"
"Jul 03, 2016","651.8","698.1","701.5","605.0","590.38K","-6.62%"
"Jun 26, 2016","698.1","663.5","700.5","609.9","593.43K","5.21%"
"Jun 19, 2016","663.5","753.8","765.1","539.3","1.18M","-11.97%"
"Jun 12, 2016","753.8","591.6","776.0","592.8","1.21M","27.41%"
"Jun 05, 2016","591.6","572.0","592.6","543.6","398.83K","3.44%"
"May 29, 2016","572.0","524.2","592.7","493.2","663.12K","9.10%"
"May 22, 2016","524.2","443.6","531.8","436.9","459.13K","18.16%"
"May 15, 2016","443.6","456.4","460.3","435.4","255.85K","-2.80%"
"May 08, 2016","456.4","458.5","464.2","446.8","277.91K","-0.44%"
"May 01, 2016","458.5","448.5","461.5","440.2","326.08K","2.21%"
"Apr 24, 2016","448.5","450.1","468.9","433.9","476.55K","-0.34%"
"Apr 17, 2016","450.1","430.0","451.5","423.8","333.40K","4.66%"
"Apr 10, 2016","430.0","418.0","432.0","416.7","269.29K","2.87%"
"Apr 03, 2016","418.0","418.5","423.7","412.4","242.22K","-0.11%"
"Mar 27, 2016","418.5","416.5","427.4","406.4","328.93K","0.48%"
"Mar 20, 2016","416.5","408.7","419.6","407.2","264.86K","1.91%"
"Mar 13, 2016","408.7","410.4","419.6","402.1","324.33K","-0.41%"
"Mar 06, 2016","410.4","399.0","422.4","393.1","405.06K","2.85%"
"Feb 28, 2016","399.0","431.3","441.3","386.9","528.15K","-7.49%"
"Feb 21, 2016","431.3","440.1","447.6","410.4","466.28K","-1.99%"
"Feb 14, 2016","440.1","390.1","442.7","390.1","559.58K","12.81%"
"Feb 07, 2016","390.1","376.7","392.6","371.4","420.40K","3.56%"
"Jan 31, 2016","376.7","377.8","391.8","365.3","465.80K","-0.29%"
"Jan 24, 2016","377.8","388.6","405.4","363.5","484.64K","-2.79%"
"Jan 17, 2016","388.6","385.0","425.7","373.2","688.23K","0.93%"
"Jan 10, 2016","385.0","448.3","451.1","350.4","735.95K","-14.11%"
"Jan 03, 2016","448.3","433.7","462.9","423.1","457.61K","3.36%"
"Dec 27, 2015","433.7","415.4","438.0","406.1","420.60K","4.42%"
"Dec 20, 2015","415.4","461.2","462.8","400.5","703.13K","-9.94%"
"Dec 13, 2015","461.2","432.3","466.1","420.8","784.64K","6.69%"
"Dec 06, 2015","432.3","386.7","467.7","381.7","908.49K","11.79%"
"Nov 29, 2015","386.7","355.8","390.3","347.2","664.46K","8.67%"
"Nov 22, 2015","355.8","324.7","368.9","315.5","578.86K","9.59%"
"Nov 15, 2015","324.7","331.8","342.9","309.5","593.42K","-2.13%"
"Nov 08, 2015","331.8","385.1","389.8","292.4","1.03M","-13.85%"
"Nov 01, 2015","385.1","311.2","492.8","304.7","1.90M","23.73%"
"Oct 25, 2015","311.2","282.6","334.9","279.6","810.63K","10.15%"
"Oct 18, 2015","282.6","269.6","283.0","259.5","468.08K","4.81%"
"Oct 11, 2015","269.6","245.4","275.4","243.1","495.94K","9.88%"
"Oct 04, 2015","245.4","238.6","277.6","236.4","358.23K","2.84%"
"Sep 27, 2015","238.6","234.3","240.4","231.8","352.36K","1.83%"
"Sep 20, 2015","234.3","231.1","237.6","224.1","375.71K","1.38%"
"Sep 13, 2015","231.1","235.6","242.8","225.1","357.82K","-1.91%"
"Sep 06, 2015","235.6","233.7","246.4","233.3","419.16K","0.83%"
"Aug 30, 2015","233.7","228.5","235.6","224.2","383.82K","2.26%"
"Aug 23, 2015","228.5","229.5","234.8","196.3","723.79K","-0.45%"
"Aug 16, 2015","229.5","260.5","261.9","214.3","680.08K","-11.89%"
"Aug 09, 2015","260.5","258.6","271.5","258.6","361.86K","0.74%"
"Aug 02, 2015","258.6","280.5","285.7","257.4","323.31K","-7.80%"
"Jul 26, 2015","280.5","288.7","296.7","276.3","333.87K","-2.86%"
"Jul 19, 2015","288.7","274.0","291.2","271.8","319.49K","5.36%"
"Jul 12, 2015","274.0","292.0","315.9","243.2","626.53K","-6.14%"
"Jul 05, 2015","292.0","260.5","298.8","257.6","437.97K","12.06%"
"Jun 28, 2015","260.5","250.7","268.7","246.6","430.54K","3.92%"
"Jun 21, 2015","250.7","245.0","251.6","239.1","290.96K","2.35%"
"Jun 14, 2015","245.0","232.5","258.5","232.1","554.57K","5.38%"
"Jun 07, 2015","232.5","224.7","233.1","222.2","327.87K","3.44%"
"May 31, 2015","224.7","233.2","234.0","221.0","364.19K","-3.64%"
"May 24, 2015","233.2","238.9","242.4","231.6","258.05K","-2.39%"
"May 17, 2015","238.9","236.2","242.0","231.3","325.28K","1.15%"
"May 10, 2015","236.2","241.4","244.8","232.4","369.77K","-2.14%"
"May 03, 2015","241.4","235.3","247.9","228.2","547.71K","2.57%"
"Apr 26, 2015","235.3","226.1","242.6","214.1","560.49K","4.07%"
"Apr 19, 2015","226.1","223.4","238.4","221.6","382.29K","1.25%"
"Apr 12, 2015","223.4","236.5","237.5","214.3","518.95K","-5.55%"
"Apr 05, 2015","236.5","252.9","261.5","231.3","458.58K","-6.49%"
"Mar 29, 2015","252.9","252.0","256.5","236.6","489.10K","0.35%"
"Mar 22, 2015","252.0","259.7","271.0","234.8","627.70K","-2.96%"
"Mar 15, 2015","259.7","281.6","294.0","247.0","662.73K","-7.77%"
"Mar 08, 2015","281.6","274.9","301.0","271.3","720.71K","2.43%"
"Mar 01, 2015","274.9","254.1","287.1","244.8","719.39K","8.21%"
"Feb 22, 2015","254.1","244.4","258.7","231.3","479.59K","3.95%"
"Feb 15, 2015","244.4","258.6","264.6","226.6","703.12K","-5.50%"
"Feb 08, 2015","258.6","227.7","261.3","214.4","574.78K","13.60%"
"Feb 01, 2015","227.7","218.5","247.5","209.7","331.42K","4.20%"
"Jan 25, 2015","218.5","248.2","310.9","216.5","414.80K","-11.95%"
"Jan 18, 2015","248.2","199.6","248.9","192.5","277.73K","24.30%"
"Jan 11, 2015","199.6","273.4","278.0","157.3","536.80K","-26.96%"
"Jan 04, 2015","273.4","287.1","296.1","255.9","252.20K","-4.80%"
"Dec 28, 2014","287.1","315.3","322.8","284.9","158.96K","-8.95%"
"Dec 21, 2014","315.3","330.4","339.3","312.0","161.65K","-4.54%"
"Dec 14, 2014","330.4","348.2","351.6","303.4","266.58K","-5.14%"
"Dec 07, 2014","348.2","376.3","377.9","337.8","200.16K","-7.45%"
"Nov 30, 2014","376.3","376.3","384.9","366.2","146.15K","0.00%"
"Nov 23, 2014","376.3","352.0","395.7","352.6","246.59K","6.89%"
"Nov 16, 2014","352.0","374.9","412.3","343.8","147.31K","-6.10%"
"Nov 09, 2014","374.9","343.5","480.5","341.8","197.01K","9.12%"
"Nov 02, 2014","343.5","325.4","351.6","319.8","95.14K","5.56%"
"Oct 26, 2014","325.4","346.7","356.8","320.7","87.78K","-6.14%"
"Oct 19, 2014","346.7","390.9","394.5","341.5","89.27K","-11.30%"
"Oct 12, 2014","390.9","361.2","407.7","352.3","132.96K","8.21%"
"Oct 05, 2014","361.2","335.3","384.6","294.9","200.89K","7.72%"
"Sep 28, 2014","335.3","399.0","402.3","327.1","123.42K","-15.96%"
"Sep 21, 2014","399.0","411.5","445.5","394.5","99.72K","-3.04%"
"Sep 14, 2014","411.5","478.2","480.3","386.1","62.05K","-13.94%"
"Sep 07, 2014","478.2","484.5","491.0","467.5","44.00K","-1.30%"
"Aug 31, 2014","484.5","506.0","508.3","470.5","44.41K","-4.25%"
"Aug 24, 2014","506.0","497.7","527.4","496.8","23.33K","1.66%"
"Aug 17, 2014","497.7","522.0","537.2","450.0","35.33K","-4.66%"
"Aug 10, 2014","522.0","589.5","596.6","483.2","31.57K","-11.45%"
"Aug 03, 2014","589.5","591.7","608.2","580.6","18.80K","-0.37%"
"Jul 27, 2014","591.7","596.0","604.0","564.0","31.26K","-0.72%"
"Jul 20, 2014","596.0","627.0","628.8","593.3","24.42K","-4.95%"
"Jul 13, 2014","627.0","635.9","638.6","610.0","21.18K","-1.39%"
"Jul 06, 2014","635.9","623.0","638.6","607.3","21.67K","2.08%"
"Jun 29, 2014","623.0","597.6","652.5","593.2","26.47K","4.25%"
"Jun 22, 2014","597.6","597.0","610.1","565.8","21.33K","0.09%"
"Jun 15, 2014","597.0","583.4","614.4","560.8","24.28K","2.33%"
"Jun 08, 2014","583.4","651.7","663.0","563.7","31.06K","-10.47%"
"Jun 01, 2014","651.7","627.9","676.5","602.1","28.41K","3.78%"
"May 25, 2014","627.9","520.5","629.0","520.5","26.11K","20.65%"
"May 18, 2014","520.5","452.8","540.9","437.3","14.84K","14.95%"
"May 11, 2014","452.8","451.9","455.9","429.0","13.76K","0.20%"
"May 04, 2014","451.9","438.6","459.5","420.2","20.89K","3.02%"
"Apr 27, 2014","438.6","457.9","464.5","420.8","29.46K","-4.20%"
"Apr 20, 2014","457.9","506.0","524.7","438.3","43.03K","-9.52%"
"Apr 13, 2014","506.0","437.6","549.0","409.9","53.39K","15.62%"
"Apr 06, 2014","437.6","456.6","485.1","355.7","29.33K","-4.16%"
"Mar 30, 2014","456.6","477.1","487.4","386.7","24.11K","-4.29%"
"Mar 23, 2014","477.1","564.3","575.4","453.8","27.56K","-15.46%"
"Mar 16, 2014","564.3","624.0","627.3","537.2","25.94K","-9.57%"
"Mar 09, 2014","624.0","609.2","640.8","594.7","21.08K","2.43%"
"Mar 02, 2014","609.2","557.4","695.4","541.5","11.29K","9.30%"
"Feb 23, 2014","557.4","255.6","650.0","102.3","166.11K","118.08%"
"Feb 16, 2014","255.6","371.1","540.0","91.7","474.94K","-31.12%"
"Feb 09, 2014","371.1","648.8","700.0","302.2","243.42K","-42.80%"
"Feb 02, 2014","648.8","940.4","959.6","632.1","107.92K","-31.01%"
"Jan 26, 2014","940.4","961.0","1,038.1","909.5","51.59K","-2.15%"
"Jan 19, 2014","961.0","905.7","980.5","901.9","45.70K","6.11%"
"Jan 12, 2014","905.7","1,005.3","1,022.7","867.2","52.66K","-9.91%"
"Jan 05, 2014","1,005.3","924.7","1,093.4","858.9","113.16K","8.72%"
"Dec 29, 2013","924.7","762.0","932.2","735.0","74.20K","21.35%"
"Dec 22, 2013","762.0","640.5","836.8","615.0","93.74K","18.97%"
"Dec 15, 2013","640.5","908.9","927.9","454.9","293.97K","-29.54%"
"Dec 08, 2013","908.9","697.0","1,067.7","653.0","144.17K","30.40%"
"Dec 01, 2013","697.0","1,205.7","1,239.9","576.0","362.23K","-42.19%"
"Nov 24, 2013","1,205.7","832.5","1,241.9","745.2","213.00K","44.82%"
"Nov 17, 2013","832.5","462.0","900.9","453.3","379.68K","80.21%"
"Nov 10, 2013","462.0","367.8","476.9","290.0","228.96K","25.60%"
"Nov 03, 2013","367.8","211.7","395.0","212.1","294.92K","73.74%"
"Oct 27, 2013","211.7","188.6","216.5","188.9","63.77K","12.27%"
"Oct 20, 2013","188.6","183.1","233.4","175.3","254.87K","2.95%"
"Oct 13, 2013","183.1","142.9","195.8","141.5","201.72K","28.18%"
"Oct 06, 2013","142.9","136.7","143.1","134.1","64.32K","4.53%"
"Sep 29, 2013","136.7","142.5","145.8","109.7","212.39K","-4.07%"
"Sep 22, 2013","142.5","134.4","143.0","131.0","77.32K","6.04%"
"Sep 15, 2013","134.4","136.7","142.2","131.0","73.34K","-1.70%"
"Sep 08, 2013","136.7","129.0","145.9","124.0","137.01K","5.98%"
"Sep 01, 2013","129.0","141.0","148.9","121.3","130.89K","-8.52%"
"Aug 25, 2013","141.0","119.6","148.7","119.1","170.74K","17.89%"
"Aug 18, 2013","119.6","112.8","125.0","111.8","160.00K","6.08%"
"Aug 11, 2013","112.8","103.0","115.0","102.7","139.76K","9.47%"
"Aug 04, 2013","103.0","104.9","107.8","101.0","82.99K","-1.86%"
"Jul 28, 2013","104.9","94.4","111.7","94.0","191.74K","11.18%"
"Jul 21, 2013","94.4","89.8","97.5","88.0","105.87K","5.10%"
"Jul 14, 2013","89.8","98.3","101.9","86.2","177.26K","-8.65%"
"Jul 07, 2013","98.3","69.7","104.2","66.6","366.12K","41.14%"
"Jun 30, 2013","69.7","95.0","98.2","65.4","358.77K","-26.67%"
"Jun 23, 2013","95.0","108.2","110.0","92.3","234.92K","-12.20%"
"Jun 16, 2013","108.2","99.8","115.0","98.9","190.47K","8.42%"
"Jun 09, 2013","99.8","107.9","112.3","88.0","336.61K","-7.50%"
"Jun 02, 2013","107.9","129.3","130.1","106.2","273.71K","-16.56%"
"May 26, 2013","129.3","132.0","136.0","124.0","159.87K","-2.04%"
"May 19, 2013","132.0","123.2","134.0","119.5","157.31K","7.13%"
"May 12, 2013","123.2","115.6","125.6","103.0","399.53K","6.55%"
"May 05, 2013","115.6","112.9","124.9","97.5","568.14K","2.43%"
"Apr 28, 2013","112.9","128.0","149.1","79.0","956.24K","-11.80%"
"Apr 21, 2013","128.0","126.6","166.4","110.0","876.87K","1.09%"
"Apr 14, 2013","126.6","93.0","136.4","50.0","1.81M","36.15%"
"Apr 07, 2013","93.0","142.6","266.0","54.3","1.38M","-34.80%"
"Mar 31, 2013","142.6","92.2","147.0","91.0","520.93K","54.71%"
"Mar 24, 2013","92.2","64.3","95.7","62.7","511.38K","43.26%"
"Mar 17, 2013","64.3","47.0","74.9","46.8","602.06K","36.91%"
"Mar 10, 2013","47.0","46.8","48.5","36.7","384.32K","0.32%"
"Mar 03, 2013","46.8","34.3","49.1","33.3","520.06K","36.79%"
"Feb 24, 2013","34.3","29.8","34.9","29.2","327.36K","14.93%"
"Feb 17, 2013","29.8","27.2","31.3","25.0","417.66K","9.48%"
"Feb 10, 2013","27.2","23.6","27.6","21.7","466.62K","15.10%"
"Feb 03, 2013","23.6","19.6","24.0","19.4","318.71K","20.48%"
"Jan 27, 2013","19.6","17.9","21.4","17.2","442.23K","9.79%"
"Jan 20, 2013","17.9","15.6","19.2","15.4","485.49K","14.47%"
"Jan 13, 2013","15.6","14.2","16.0","13.9","313.71K","9.69%"
"Jan 06, 2013","14.2","13.4","14.4","13.4","228.80K","5.95%"
"Dec 30, 2012","13.4","13.4","13.6","13.2","142.19K","0.00%"
"Dec 23, 2012","13.4","13.4","13.7","13.0","139.46K","0.00%"
"Dec 16, 2012","13.4","13.5","13.7","12.8","241.51K","-0.89%"
"Dec 09, 2012","13.5","13.4","13.9","13.0","228.09K","0.52%"
"Dec 02, 2012","13.4","12.6","13.7","12.4","226.35K","6.85%"
"Nov 25, 2012","12.6","12.4","12.7","11.9","189.37K","1.21%"
"Nov 18, 2012","12.4","11.8","12.5","11.6","184.00K","5.26%"
"Nov 11, 2012","11.8","10.9","11.8","10.7","202.40K","8.26%"
"Nov 04, 2012","10.9","10.6","11.2","10.5","151.53K","2.35%"
"Oct 28, 2012","10.6","10.3","11.3","10.3","218.24K","3.70%"
"Oct 21, 2012","10.3","11.7","12.0","9.7","354.68K","-12.61%"
"Oct 14, 2012","11.7","11.9","12.0","11.4","181.90K","-1.01%"
"Oct 07, 2012","11.9","12.5","12.6","10.6","289.17K","-5.20%"
"Sep 30, 2012","12.5","12.4","13.1","12.3","210.29K","1.21%"
"Sep 23, 2012","12.4","12.2","12.5","11.6","175.00K","0.98%"
"Sep 16, 2012","12.2","11.8","12.7","11.7","223.13K","4.17%"
"Sep 09, 2012","11.8","11.0","11.8","10.8","260.01K","6.43%"
"Sep 02, 2012","11.0","10.0","11.3","9.7","270.47K","10.73%"
"Aug 26, 2012","10.0","10.5","12.1","9.7","432.01K","-5.23%"
"Aug 19, 2012","10.5","11.6","11.6","7.6","759.29K","-9.39%"
"Aug 12, 2012","11.6","11.5","15.4","10.6","591.64K","0.87%"
"Aug 05, 2012","11.5","11.0","12.0","10.1","379.16K","4.83%"
"Jul 29, 2012","11.0","8.9","11.3","8.7","442.24K","23.51%"
"Jul 22, 2012","8.9","8.9","9.2","7.8","357.35K","0.00%"
"Jul 15, 2012","8.9","7.5","9.7","7.3","789.95K","17.37%"
"Jul 08, 2012","7.5","6.8","7.9","6.7","337.91K","11.54%"
"Jul 01, 2012","6.8","6.7","6.9","6.4","284.01K","1.05%"
"Jun 24, 2012","6.7","6.4","6.7","6.2","277.01K","4.04%"
"Jun 17, 2012","6.4","6.4","6.8","6.0","332.47K","0.00%"
"Jun 10, 2012","6.4","5.6","6.6","5.4","379.76K","15.11%"
"Jun 03, 2012","5.6","5.3","5.7","5.2","327.56K","5.90%"
"May 27, 2012","5.3","5.1","5.3","5.0","243.86K","2.94%"
"May 20, 2012","5.1","5.1","5.2","5.1","220.54K","0.00%"
"May 13, 2012","5.1","4.9","5.1","4.9","282.77K","3.03%"
"May 06, 2012","4.9","5.1","5.1","4.8","326.60K","-2.56%"
"Apr 29, 2012","5.1","5.0","5.2","4.9","308.53K","2.01%"
"Apr 22, 2012","5.0","5.3","5.3","4.8","367.93K","-5.32%"
"Apr 15, 2012","5.3","5.0","5.5","4.9","385.95K","6.05%"
"Apr 08, 2012","5.0","4.7","5.0","4.6","404.72K","5.76%"
"Apr 01, 2012","4.7","4.9","5.1","4.7","419.10K","-4.48%"
"Mar 25, 2012","4.9","4.7","4.9","4.3","365.42K","4.91%"
"Mar 18, 2012","4.7","5.2","5.3","4.5","475.80K","-10.34%"
"Mar 11, 2012","5.2","4.8","5.4","4.8","367.60K","8.07%"
"Mar 04, 2012","4.8","4.6","5.1","4.6","334.24K","4.77%"
"Feb 26, 2012","4.6","4.8","5.1","4.5","403.66K","-3.35%"
"Feb 19, 2012","4.8","4.2","5.2","4.2","595.59K","13.03%"
"Feb 12, 2012","4.2","5.6","5.8","3.9","1.08M","-24.64%"
"Feb 05, 2012","5.6","5.9","6.0","5.3","720.25K","-4.60%"
"Jan 29, 2012","5.9","5.6","6.2","5.3","387.00K","4.26%"
"Jan 22, 2012","5.6","6.2","6.4","5.1","560.59K","-8.90%"
"Jan 15, 2012","6.2","6.8","7.2","4.6","871.36K","-8.44%"
"Jan 08, 2012","6.8","6.8","7.2","5.8","757.50K","-0.88%"
"Jan 01, 2012","6.8","4.7","7.2","4.6","1.02M","44.28%"
"Dec 25, 2011","4.7","3.9","5.0","3.8","457.49K","19.80%"
"Dec 18, 2011","3.9","3.2","4.5","3.2","478.62K","23.12%"
"Dec 11, 2011","3.2","3.0","3.4","3.0","329.70K","4.92%"
"Dec 04, 2011","3.0","2.8","3.1","2.6","388.45K","9.32%"
"Nov 27, 2011","2.8","2.5","3.1","2.4","609.05K","12.96%"
"Nov 20, 2011","2.5","2.2","2.6","2.2","363.45K","12.27%"
"Nov 13, 2011","2.2","3.0","3.0","2.0","806.16K","-27.39%"
"Nov 06, 2011","3.0","3.0","3.2","2.8","252.92K","2.02%"
"Oct 30, 2011","3.0","3.6","3.7","2.8","268.87K","-17.04%"
"Oct 23, 2011","3.6","3.2","3.8","2.4","450.69K","13.29%"
"Oct 16, 2011","3.2","3.8","3.9","2.0","675.35K","-17.71%"
"Oct 09, 2011","3.8","4.0","4.4","3.7","247.14K","-4.24%"
"Oct 02, 2011","4.0","5.0","5.1","3.8","253.06K","-20.28%"
"Sep 25, 2011","5.0","5.5","5.5","4.6","199.84K","-8.04%"
"Sep 18, 2011","5.5","4.8","6.8","4.7","384.64K","14.68%"
"Sep 11, 2011","4.8","4.8","7.4","4.4","413.36K","0.00%"
"Sep 04, 2011","4.8","8.5","8.5","4.2","476.41K","-43.75%"
"Aug 28, 2011","8.5","8.6","9.5","8.0","112.89K","-1.28%"
"Aug 21, 2011","8.6","11.4","11.5","7.6","226.80K","-24.98%"
"Aug 14, 2011","11.4","10.1","11.9","9.6","172.35K","13.03%"
"Aug 07, 2011","10.1","6.6","12.1","6.0","392.07K","54.66%"
"Jul 31, 2011","6.6","13.5","14.9","5.7","398.27K","-51.59%"
"Jul 24, 2011","13.5","13.7","14.7","13.3","132.60K","-1.10%"
"Jul 17, 2011","13.7","13.7","14.7","12.5","263.67K","0.00%"
"Jul 10, 2011","13.7","14.4","15.7","13.5","190.88K","-4.59%"
"Jul 03, 2011","14.4","15.4","16.5","11.0","366.20K","-6.62%"
"Jun 26, 2011","15.4","17.5","18.0","14.0","179.65K","-12.05%"
"Jun 19, 2011","17.5","16.9","18.9","16.9","30.18K","3.67%"
"Jun 12, 2011","16.9","14.6","25.0","10.3","481.85K","15.29%"
"Jun 05, 2011","14.6","18.9","31.9","13.0","515.02K","-22.45%"
"May 29, 2011","18.9","8.3","18.9","8.1","272.94K","127.59%"
"May 22, 2011","8.3","6.1","9.3","6.0","207.81K","35.62%"
"May 15, 2011","6.1","7.2","8.5","5.6","223.19K","-15.00%"
"May 08, 2011","7.2","3.6","8.9","3.6","292.56K","97.80%"
"May 01, 2011","3.6","3.5","3.9","2.5","154.50K","4.00%"
"Apr 24, 2011","3.5","1.7","4.2","1.5","315.37K","105.88%"
"Apr 17, 2011","1.7","1.0","2.0","1.0","230.94K","61.90%"
"Apr 10, 2011","1.0","0.7","1.1","0.7","222.10K","43.84%"
"Apr 03, 2011","0.7","0.8","0.8","0.6","94.68K","-6.65%"
"Mar 27, 2011","0.8","0.9","0.9","0.8","37.89K","-8.56%"
"Mar 20, 2011","0.9","0.8","0.9","0.7","65.51K","11.79%"
"Mar 13, 2011","0.8","0.9","0.9","0.7","47.85K","-16.67%"
"Mar 06, 2011","0.9","0.9","0.9","0.8","54.39K","0.00%"
"Feb 27, 2011","0.9","1.0","1.0","0.8","71.26K","0.00%"
"Feb 20, 2011","1.0","0.9","1.0","0.8","53.11K","0.00%"
"Feb 13, 2011","0.9","1.1","1.1","0.8","70.90K","-12.13%"
"Feb 06, 2011","1.1","0.9","1.1","0.8","111.64K","17.39%"
"Jan 30, 2011","0.9","0.4","0.9","0.4","177.62K","109.57%"
"Jan 23, 2011","0.4","0.4","0.4","0.4","64.42K","0.00%"
"Jan 16, 2011","0.4","0.4","0.4","0.3","82.88K","15.10%"
"Jan 09, 2011","0.4","0.3","0.4","0.3","97.03K","19.54%"
"Jan 02, 2011","0.3","0.3","0.3","0.3","56.70K","0.00%"
"Dec 26, 2010","0.3","0.2","0.3","0.2","62.38K","20.05%"
"Dec 19, 2010","0.2","0.2","0.3","0.2","40.10K","0.00%"
"Dec 12, 2010","0.2","0.2","0.3","0.2","37.50K","0.00%"
"Dec 05, 2010","0.2","0.2","0.2","0.2","66.89K","0.00%"
"Nov 28, 2010","0.2","0.3","0.3","0.2","136.93K","-27.56%"
"Nov 21, 2010","0.3","0.3","0.3","0.3","73.38K","0.00%"
"Nov 14, 2010","0.3","0.3","0.3","0.2","146.41K","0.00%"
"Nov 07, 2010","0.3","0.4","0.5","0.1","341.46K","-29.23%"
"Oct 31, 2010","0.4","0.2","0.5","0.1","228.00K","96.08%"
"Oct 24, 2010","0.2","0.1","0.2","0.1","205.85K","88.53%"
"Oct 17, 2010","0.1","0.1","0.1","0.1","165.87K","0.00%"
"Oct 10, 2010","0.1","0.1","0.1","0.1","206.14K","0.00%"
"Oct 03, 2010","0.1","0.1","0.1","0.0","472.96K","0.00%"
"Sep 26, 2010","0.1","0.1","0.1","0.1","76.07K","0.00%"
"Sep 19, 2010","0.1","0.1","0.1","0.1","62.80K","0.00%"
"Sep 12, 2010","0.1","0.1","0.2","0.1","43.62K","0.00%"
"Sep 05, 2010","0.1","0.1","0.1","0.1","29.59K","0.00%"
"Aug 29, 2010","0.1","0.1","0.1","0.0","71.76K","0.00%"
"Aug 22, 2010","0.1","0.1","0.1","0.1","52.94K","0.00%"
"Aug 15, 2010","0.1","0.1","0.1","0.1","46.72K","0.00%"
"Aug 08, 2010","0.1","0.1","0.1","0.1","41.26K","0.00%"
"Aug 01, 2010","0.1","0.1","0.1","0.1","28.56K","0.00%"
"Jul 25, 2010","0.1","0.1","0.1","0.1","25.29K","0.00%"
"Jul 18, 2010","0.1","0.0","0.1","0.1","6.55K","0.00%"
